As of date,As of time,Quarantine centres,Address,Capacity (unit),Current unit in use,Current person in use,Ready to be used (unit)
24/04/2020,9:00,Jao Tsung-I Academy Heritage Lodge,"800 Castle Peak Road, Kowloon",53,5,8,
24/04/2020,9:00,JPC Permanent Activity Centre and Integrated Youth Training Camp,"No. 123 Fam Kam Road, Pat Heung, Yuen Long",85,2,5,
24/04/2020,9:00,Chun Yeung Estate,"Wong Chuk Yeung Street, Fo Tan",1454,36,46,
24/04/2020,9:00,Chai Wan Lei Yue Mun Park and Holiday Village,"75 Chai Wan Road, Hong Kong",145,0,0,
25/04/2020,9:00,Jao Tsung-I Academy Heritage Lodge,"800 Castle Peak Road, Kowloon",53,5,8,
25/04/2020,9:00,JPC Permanent Activity Centre and Integrated Youth Training Camp,"No. 123 Fam Kam Road, Pat Heung, Yuen Long",85,2,5,
25/04/2020,9:00,Chun Yeung Estate,"Wong Chuk Yeung Street, Fo Tan",1454,44,52,
25/04/2020,9:00,Chai Wan Lei Yue Mun Park and Holiday Village,"75 Chai Wan Road, Hong Kong",145,0,0,
26/04/2020,9:00,Jao Tsung-I Academy Heritage Lodge,"800 Castle Peak Road, Kowloon",53,5,8,
26/04/2020,9:00,JPC Permanent Activity Centre and Integrated Youth Training Camp,"No. 123 Fam Kam Road, Pat Heung, Yuen Long",85,1,3,
26/04/2020,9:00,Chun Yeung Estate,"Wong Chuk Yeung Street, Fo Tan",1398,46,50,
26/04/2020,9:00,Chai Wan Lei Yue Mun Park and Holiday Village,"75 Chai Wan Road, Hong Kong",145,0,0,
27/04/2020,9:00,Jao Tsung-I Academy Heritage Lodge,"800 Castle Peak Road, Kowloon",53,5,8,
27/04/2020,9:00,JPC Permanent Activity Centre and Integrated Youth Training Camp,"No. 123 Fam Kam Road, Pat Heung, Yuen Long",85,0,0,
27/04/2020,9:00,Chun Yeung Estate,"Wong Chuk Yeung Street, Fo Tan",1398,45,50,
27/04/2020,9:00,Chai Wan Lei Yue Mun Park and Holiday Village,"75 Chai Wan Road, Hong Kong",145,0,0,
28/04/2020,9:00,Jao Tsung-I Academy Heritage Lodge,"800 Castle Peak Road, Kowloon",53,5,8,
28/04/2020,9:00,JPC Permanent Activity Centre and Integrated Youth Training Camp,"No. 123 Fam Kam Road, Pat Heung, Yuen Long",85,0,0,
28/04/2020,9:00,Chun Yeung Estate,"Wong Chuk Yeung Street, Fo Tan",1398,39,43,
28/04/2020,9:00,Chai Wan Lei Yue Mun Park and Holiday Village,"75 Chai Wan Road, Hong Kong",145,0,0,
29/04/2020,9:00,Jao Tsung-I Academy Heritage Lodge,"800 Castle Peak Road, Kowloon",53,5,8,
29/04/2020,9:00,JPC Permanent Activity Centre and Integrated Youth Training Camp,"No. 123 Fam Kam Road, Pat Heung, Yuen Long",85,0,0,
29/04/2020,9:00,Chun Yeung Estate,"Wong Chuk Yeung Street, Fo Tan",1398,39,43,
29/04/2020,9:00,Chai Wan Lei Yue Mun Park and Holiday Village,"75 Chai Wan Road, Hong Kong",145,0,0,
30/04/2020,9:00,Jao Tsung-I Academy Heritage Lodge,"800 Castle Peak Road, Kowloon",53,3,5,
30/04/2020,9:00,JPC Permanent Activity Centre and Integrated Youth Training Camp,"No. 123 Fam Kam Road, Pat Heung, Yuen Long",85,0,0,
30/04/2020,9:00,Chun Yeung Estate,"Wong Chuk Yeung Street, Fo Tan",1398,117,212,
30/04/2020,9:00,Chai Wan Lei Yue Mun Park and Holiday Village,"75 Chai Wan Road, Hong Kong",145,0,0,
01/05/2020,9:00,Jao Tsung-I Academy Heritage Lodge,"800 Castle Peak Road, Kowloon",53,2,4,
01/05/2020,9:00,JPC Permanent Activity Centre and Integrated Youth Training Camp,"No. 123 Fam Kam Road, Pat Heung, Yuen Long",85,0,0,
01/05/2020,9:00,Chun Yeung Estate,"Wong Chuk Yeung Street, Fo Tan",1398,259,594,
01/05/2020,9:00,Chai Wan Lei Yue Mun Park and Holiday Village,"75 Chai Wan Road, Hong Kong",145,0,0,
02/05/2020,9:00,Jao Tsung-I Academy Heritage Lodge,"800 Castle Peak Road, Kowloon",53,2,4,
02/05/2020,9:00,JPC Permanent Activity Centre and Integrated Youth Training Camp,"No. 123 Fam Kam Road, Pat Heung, Yuen Long",85,0,0,
02/05/2020,9:00,Chun Yeung Estate,"Wong Chuk Yeung Street, Fo Tan",1398,254,590,
02/05/2020,9:00,Chai Wan Lei Yue Mun Park and Holiday Village,"75 Chai Wan Road, Hong Kong",145,0,0,
03/05/2020,9:00,Jao Tsung-I Academy Heritage Lodge,"800 Castle Peak Road, Kowloon",53,2,4,
03/05/2020,9:00,JPC Permanent Activity Centre and Integrated Youth Training Camp,"No. 123 Fam Kam Road, Pat Heung, Yuen Long",85,0,0,
03/05/2020,9:00,Chun Yeung Estate,"Wong Chuk Yeung Street, Fo Tan",1398,249,582,
03/05/2020,9:00,Chai Wan Lei Yue Mun Park and Holiday Village,"75 Chai Wan Road, Hong Kong",145,0,0,
04/05/2020,9:00,Jao Tsung-I Academy Heritage Lodge,"800 Castle Peak Road, Kowloon",53,2,4,
04/05/2020,9:00,JPC Permanent Activity Centre and Integrated Youth Training Camp,"No. 123 Fam Kam Road, Pat Heung, Yuen Long",85,0,0,
04/05/2020,9:00,Chun Yeung Estate,"Wong Chuk Yeung Street, Fo Tan",1398,246,580,
04/05/2020,9:00,Chai Wan Lei Yue Mun Park and Holiday Village,"75 Chai Wan Road, Hong Kong",145,0,0,
05/05/2020,9:00,Jao Tsung-I Academy Heritage Lodge,"800 Castle Peak Road, Kowloon",53,1,3,
05/05/2020,9:00,JPC Permanent Activity Centre and Integrated Youth Training Camp,"No. 123 Fam Kam Road, Pat Heung, Yuen Long",85,0,0,
05/05/2020,9:00,Chun Yeung Estate,"Wong Chuk Yeung Street, Fo Tan",1398,271,647,
05/05/2020,9:00,Chai Wan Lei Yue Mun Park and Holiday Village,"75 Chai Wan Road, Hong Kong",145,0,0,
06/05/2020,9:00,Jao Tsung-I Academy Heritage Lodge,"800 Castle Peak Road, Kowloon",53,0,0,
06/05/2020,9:00,JPC Permanent Activity Centre and Integrated Youth Training Camp,"No. 123 Fam Kam Road, Pat Heung, Yuen Long",85,0,0,
06/05/2020,9:00,Chun Yeung Estate,"Wong Chuk Yeung Street, Fo Tan",1398,271,647,
06/05/2020,9:00,Chai Wan Lei Yue Mun Park and Holiday Village,"75 Chai Wan Road, Hong Kong",145,0,0,
07/05/2020,9:00,Jao Tsung-I Academy Heritage Lodge,"800 Castle Peak Road, Kowloon",53,0,0,
07/05/2020,9:00,JPC Permanent Activity Centre and Integrated Youth Training Camp,"No. 123 Fam Kam Road, Pat Heung, Yuen Long",85,0,0,
07/05/2020,9:00,Chun Yeung Estate,"Wong Chuk Yeung Street, Fo Tan",1398,315,760,
07/05/2020,9:00,Chai Wan Lei Yue Mun Park and Holiday Village,"75 Chai Wan Road, Hong Kong",145,0,0,
08/05/2020,9:00,Jao Tsung-I Academy Heritage Lodge,"800 Castle Peak Road, Kowloon",53,0,0,
08/05/2020,9:00,JPC Permanent Activity Centre and Integrated Youth Training Camp,"No. 123 Fam Kam Road, Pat Heung, Yuen Long",85,0,0,
08/05/2020,9:00,Chun Yeung Estate,"Wong Chuk Yeung Street, Fo Tan",1398,315,756,
08/05/2020,9:00,Chai Wan Lei Yue Mun Park and Holiday Village,"75 Chai Wan Road, Hong Kong",145,0,0,
09/05/2020,9:00,Jao Tsung-I Academy Heritage Lodge,"800 Castle Peak Road, Kowloon",53,0,0,
09/05/2020,9:00,JPC Permanent Activity Centre and Integrated Youth Training Camp,"No. 123 Fam Kam Road, Pat Heung, Yuen Long",85,0,0,
09/05/2020,9:00,Chun Yeung Estate,"Wong Chuk Yeung Street, Fo Tan",1398,313,754,
09/05/2020,9:00,Chai Wan Lei Yue Mun Park and Holiday Village,"75 Chai Wan Road, Hong Kong",145,0,0,
10/05/2020,9:00,Jao Tsung-I Academy Heritage Lodge,"800 Castle Peak Road, Kowloon",53,0,0,
10/05/2020,9:00,JPC Permanent Activity Centre and Integrated Youth Training Camp,"No. 123 Fam Kam Road, Pat Heung, Yuen Long",85,0,0,
10/05/2020,9:00,Chun Yeung Estate,"Wong Chuk Yeung Street, Fo Tan",1398,346,824,
10/05/2020,9:00,Chai Wan Lei Yue Mun Park and Holiday Village,"75 Chai Wan Road, Hong Kong",145,0,0,
11/05/2020,9:00,Jao Tsung-I Academy Heritage Lodge,"800 Castle Peak Road, Kowloon",53,0,0,
11/05/2020,9:00,JPC Permanent Activity Centre and Integrated Youth Training Camp,"No. 123 Fam Kam Road, Pat Heung, Yuen Long",85,0,0,
11/05/2020,9:00,Chun Yeung Estate,"Wong Chuk Yeung Street, Fo Tan",1398,345,822,
11/05/2020,9:00,Chai Wan Lei Yue Mun Park and Holiday Village,"75 Chai Wan Road, Hong Kong",145,0,0,
12/05/2020,9:00,Jao Tsung-I Academy Heritage Lodge,"800 Castle Peak Road, Kowloon",53,0,0,
12/05/2020,9:00,JPC Permanent Activity Centre and Integrated Youth Training Camp,"No. 123 Fam Kam Road, Pat Heung, Yuen Long",85,0,0,
12/05/2020,9:00,Chun Yeung Estate,"Wong Chuk Yeung Street, Fo Tan",1398,361,855,
12/05/2020,9:00,Chai Wan Lei Yue Mun Park and Holiday Village,"75 Chai Wan Road, Hong Kong",145,0,0,
13/05/2020,9:00,Jao Tsung-I Academy Heritage Lodge,"800 Castle Peak Road, Kowloon",53,0,0,
13/05/2020,9:00,JPC Permanent Activity Centre and Integrated Youth Training Camp,"No. 123 Fam Kam Road, Pat Heung, Yuen Long",85,0,0,
13/05/2020,9:00,Chun Yeung Estate,"Wong Chuk Yeung Street, Fo Tan",1398,287,691,
13/05/2020,9:00,Chai Wan Lei Yue Mun Park and Holiday Village,"75 Chai Wan Road, Hong Kong",145,0,0,
14/05/2020,9:00,Jao Tsung-I Academy Heritage Lodge,"800 Castle Peak Road, Kowloon",53,0,0,
14/05/2020,9:00,JPC Permanent Activity Centre and Integrated Youth Training Camp,"No. 123 Fam Kam Road, Pat Heung, Yuen Long",205,6,9,
14/05/2020,9:00,Chun Yeung Estate,"Wong Chuk Yeung Street, Fo Tan",1398,157,344,
14/05/2020,9:00,Chai Wan Lei Yue Mun Park and Holiday Village,"75 Chai Wan Road, Hong Kong",145,0,0,
15/05/2020,9:00,Jao Tsung-I Academy Heritage Lodge,"800 Castle Peak Road, Kowloon",53,0,0,
15/05/2020,9:00,JPC Permanent Activity Centre and Integrated Youth Training Camp,"No. 123 Fam Kam Road, Pat Heung, Yuen Long",205,11,20,
15/05/2020,9:00,Chun Yeung Estate,"Wong Chuk Yeung Street, Fo Tan",1398,148,323,
15/05/2020,9:00,Chai Wan Lei Yue Mun Park and Holiday Village,"75 Chai Wan Road, Hong Kong",145,0,0,
16/05/2020,9:00,Jao Tsung-I Academy Heritage Lodge,"800 Castle Peak Road, Kowloon",53,0,0,
16/05/2020,9:00,JPC Permanent Activity Centre and Integrated Youth Training Camp,"No. 123 Fam Kam Road, Pat Heung, Yuen Long",205,14,25,
16/05/2020,9:00,Chun Yeung Estate,"Wong Chuk Yeung Street, Fo Tan",1398,153,330,
16/05/2020,9:00,Chai Wan Lei Yue Mun Park and Holiday Village,"75 Chai Wan Road, Hong Kong",145,0,0,
17/05/2020,9:00,Jao Tsung-I Academy Heritage Lodge,"800 Castle Peak Road, Kowloon",53,0,0,
17/05/2020,9:00,JPC Permanent Activity Centre and Integrated Youth Training Camp,"No. 123 Fam Kam Road, Pat Heung, Yuen Long",205,14,25,
17/05/2020,9:00,Chun Yeung Estate,"Wong Chuk Yeung Street, Fo Tan",1398,213,492,
17/05/2020,9:00,Chai Wan Lei Yue Mun Park and Holiday Village,"75 Chai Wan Road, Hong Kong",145,0,0,
18/05/2020,9:00,Jao Tsung-I Academy Heritage Lodge,"800 Castle Peak Road, Kowloon",53,0,0,
18/05/2020,9:00,JPC Permanent Activity Centre and Integrated Youth Training Camp,"No. 123 Fam Kam Road, Pat Heung, Yuen Long",205,14,25,
18/05/2020,9:00,Chun Yeung Estate,"Wong Chuk Yeung Street, Fo Tan",1398,185,424,
18/05/2020,9:00,Chai Wan Lei Yue Mun Park and Holiday Village,"75 Chai Wan Road, Hong Kong",145,0,0,
19/05/2020,9:00,Jao Tsung-I Academy Heritage Lodge,"800 Castle Peak Road, Kowloon",53,0,0,
19/05/2020,9:00,JPC Permanent Activity Centre and Integrated Youth Training Camp,"No. 123 Fam Kam Road, Pat Heung, Yuen Long",205,17,28,
19/05/2020,9:00,Chun Yeung Estate,"Wong Chuk Yeung Street, Fo Tan",2137,296,662,
19/05/2020,9:00,Chai Wan Lei Yue Mun Park and Holiday Village,"75 Chai Wan Road, Hong Kong",145,0,0,
20/05/2020,9:00,Jao Tsung-I Academy Heritage Lodge,"800 Castle Peak Road, Kowloon",53,0,0,
20/05/2020,9:00,JPC Permanent Activity Centre and Integrated Youth Training Camp,"No. 123 Fam Kam Road, Pat Heung, Yuen Long",205,17,28,
20/05/2020,9:00,Chun Yeung Estate,"Wong Chuk Yeung Street, Fo Tan",2137,257,568,
20/05/2020,9:00,Chai Wan Lei Yue Mun Park and Holiday Village,"75 Chai Wan Road, Hong Kong",145,0,0,
21/05/2020,9:00,Jao Tsung-I Academy Heritage Lodge,"800 Castle Peak Road, Kowloon",53,0,0,
21/05/2020,9:00,JPC Permanent Activity Centre and Integrated Youth Training Camp,"No. 123 Fam Kam Road, Pat Heung, Yuen Long",205,17,28,
21/05/2020,9:00,Chun Yeung Estate,"Wong Chuk Yeung Street, Fo Tan",2137,281,648,
21/05/2020,9:00,Chai Wan Lei Yue Mun Park and Holiday Village,"75 Chai Wan Road, Hong Kong",145,0,0,
22/05/2020,9:00,JPC Permanent Activity Centre and Integrated Youth Training Camp,"No. 123 Fam Kam Road, Pat Heung, Yuen Long",205,17,26,
22/05/2020,9:00,Chun Yeung Estate,"Wong Chuk Yeung Street, Fo Tan",2137,276,631,
23/05/2020,9:00,JPC Permanent Activity Centre and Integrated Youth Training Camp,"No. 123 Fam Kam Road, Pat Heung, Yuen Long",205,33,44,
23/05/2020,9:00,Chun Yeung Estate,"Wong Chuk Yeung Street, Fo Tan",2137,251,576,
24/05/2020,9:00,JPC Permanent Activity Centre and Integrated Youth Training Camp,"No. 123 Fam Kam Road, Pat Heung, Yuen Long",205,28,38,
24/05/2020,9:00,Chun Yeung Estate,"Wong Chuk Yeung Street, Fo Tan",2137,253,576,
25/05/2020,9:00,JPC Permanent Activity Centre and Integrated Youth Training Camp,"No. 123 Fam Kam Road, Pat Heung, Yuen Long",205,29,39,
25/05/2020,9:00,Chun Yeung Estate,"Wong Chuk Yeung Street, Fo Tan",2137,236,540,
26/05/2020,9:00,JPC Permanent Activity Centre and Integrated Youth Training Camp,"No. 123 Fam Kam Road, Pat Heung, Yuen Long",205,29,39,
26/05/2020,9:00,Chun Yeung Estate,"Wong Chuk Yeung Street, Fo Tan",2137,232,536,
27/05/2020,9:00,JPC Permanent Activity Centre and Integrated Youth Training Camp,"No. 123 Fam Kam Road, Pat Heung, Yuen Long",205,38,68,
27/05/2020,9:00,Chun Yeung Estate,"Wong Chuk Yeung Street, Fo Tan",2137,231,534,
28/05/2020,9:00,JPC Permanent Activity Centre and Integrated Youth Training Camp,"No. 123 Fam Kam Road, Pat Heung, Yuen Long",205,34,59,
28/05/2020,9:00,Chun Yeung Estate,"Wong Chuk Yeung Street, Fo Tan",2137,223,515,
29/05/2020,9:00,JPC Permanent Activity Centre and Integrated Youth Training Camp,"No. 123 Fam Kam Road, Pat Heung, Yuen Long",205,37,61,
29/05/2020,9:00,Chun Yeung Estate,"Wong Chuk Yeung Street, Fo Tan",1739,254,587,
30/05/2020,9:00,JPC Permanent Activity Centre and Integrated Youth Training Camp,"No. 123 Fam Kam Road, Pat Heung, Yuen Long",205,39,63,
30/05/2020,9:00,Chun Yeung Estate,"Wong Chuk Yeung Street, Fo Tan",1739,196,434,
31/05/2020,9:00,JPC Permanent Activity Centre and Integrated Youth Training Camp,"No. 123 Fam Kam Road, Pat Heung, Yuen Long",205,49,78,
31/05/2020,9:00,Chun Yeung Estate,"Wong Chuk Yeung Street, Fo Tan",1739,188,409,
01/06/2020,9:00,JPC Permanent Activity Centre and Integrated Youth Training Camp,"No. 123 Fam Kam Road, Pat Heung, Yuen Long",205,70,99,
01/06/2020,9:00,Chun Yeung Estate,"Wong Chuk Yeung Street, Fo Tan",1739,92,195,
02/06/2020,9:00,JPC Permanent Activity Centre and Integrated Youth Training Camp,"No. 123 Fam Kam Road, Pat Heung, Yuen Long",205,88,123,
02/06/2020,9:00,Chun Yeung Estate,"Wong Chuk Yeung Street, Fo Tan",1739,69,155,
03/06/2020,9:00,JPC Permanent Activity Centre and Integrated Youth Training Camp,"No. 123 Fam Kam Road, Pat Heung, Yuen Long",205,97,133,
03/06/2020,9:00,Chun Yeung Estate,"Wong Chuk Yeung Street, Fo Tan",1739,330,678,
03/06/2020,9:00,Chai Wan Lei Yue Mun Park and Holiday Village,"75 Chai Wan Road, Hong Kong",145,0,0,
04/06/2020,9:00,JPC Permanent Activity Centre and Integrated Youth Training Camp,"No. 123 Fam Kam Road, Pat Heung, Yuen Long",205,102,137,
04/06/2020,9:00,Chun Yeung Estate,"Wong Chuk Yeung Street, Fo Tan",1739,324,672,
04/06/2020,9:00,Chai Wan Lei Yue Mun Park and Holiday Village,"75 Chai Wan Road, Hong Kong",145,31,44,
05/06/2020,9:00,JPC Permanent Activity Centre and Integrated Youth Training Camp,"No. 123 Fam Kam Road, Pat Heung, Yuen Long",205,91,125,
05/06/2020,9:00,Chun Yeung Estate,"Wong Chuk Yeung Street, Fo Tan",1739,489,1048,
05/06/2020,9:00,Chai Wan Lei Yue Mun Park and Holiday Village,"75 Chai Wan Road, Hong Kong",145,54,76,
06/06/2020,9:00,JPC Permanent Activity Centre and Integrated Youth Training Camp,"No. 123 Fam Kam Road, Pat Heung, Yuen Long",205,96,128,
06/06/2020,9:00,Chun Yeung Estate,"Wong Chuk Yeung Street, Fo Tan",1739,488,1045,
06/06/2020,9:00,Chai Wan Lei Yue Mun Park and Holiday Village,"75 Chai Wan Road, Hong Kong",145,54,76,
07/06/2020,9:00,JPC Permanent Activity Centre and Integrated Youth Training Camp,"No. 123 Fam Kam Road, Pat Heung, Yuen Long",205,78,110,
07/06/2020,9:00,Chun Yeung Estate,"Wong Chuk Yeung Street, Fo Tan",1739,488,1045,
07/06/2020,9:00,Chai Wan Lei Yue Mun Park and Holiday Village,"75 Chai Wan Road, Hong Kong",145,54,76,
08/06/2020,9:00,JPC Permanent Activity Centre and Integrated Youth Training Camp,"No. 123 Fam Kam Road, Pat Heung, Yuen Long",205,83,121,
08/06/2020,9:00,Chun Yeung Estate,"Wong Chuk Yeung Street, Fo Tan",1739,486,1042,
08/06/2020,9:00,Chai Wan Lei Yue Mun Park and Holiday Village,"75 Chai Wan Road, Hong Kong",145,54,76,
09/06/2020,9:00,JPC Permanent Activity Centre and Integrated Youth Training Camp,"No. 123 Fam Kam Road, Pat Heung, Yuen Long",205,78,109,57
09/06/2020,9:00,Chun Yeung Estate,"Wong Chuk Yeung Street, Fo Tan",1739,485,1042,1016
09/06/2020,9:00,Chai Wan Lei Yue Mun Park and Holiday Village,"75 Chai Wan Road, Hong Kong",145,54,76,80
10/06/2020,9:00,JPC Permanent Activity Centre and Integrated Youth Training Camp,"No. 123 Fam Kam Road, Pat Heung, Yuen Long",205,67,77,51
10/06/2020,9:00,Chun Yeung Estate,"Wong Chuk Yeung Street, Fo Tan",1739,485,1041,1016
10/06/2020,9:00,Chai Wan Lei Yue Mun Park and Holiday Village,"75 Chai Wan Road, Hong Kong",145,57,83,68
11/06/2020,9:00,JPC Permanent Activity Centre and Integrated Youth Training Camp,"No. 123 Fam Kam Road, Pat Heung, Yuen Long",205,64,71,51
11/06/2020,9:00,Chun Yeung Estate,"Wong Chuk Yeung Street, Fo Tan",1739,472,1009,1005
11/06/2020,9:00,Chai Wan Lei Yue Mun Park and Holiday Village,"75 Chai Wan Road, Hong Kong",145,57,87,66
12/06/2020,9:00,JPC Permanent Activity Centre and Integrated Youth Training Camp,"No. 123 Fam Kam Road, Pat Heung, Yuen Long",205,56,63,50
12/06/2020,9:00,Chun Yeung Estate,"Wong Chuk Yeung Street, Fo Tan",1739,474,1011,1004
12/06/2020,9:00,Chai Wan Lei Yue Mun Park and Holiday Village,"75 Chai Wan Road, Hong Kong",145,58,87,64
13/06/2020,9:00,JPC Permanent Activity Centre and Integrated Youth Training Camp,"No. 123 Fam Kam Road, Pat Heung, Yuen Long",205,52,59,54
13/06/2020,9:00,Chun Yeung Estate,"Wong Chuk Yeung Street, Fo Tan",1739,474,1016,1007
13/06/2020,9:00,Chai Wan Lei Yue Mun Park and Holiday Village,"75 Chai Wan Road, Hong Kong",145,58,87,64
14/06/2020,9:00,JPC Permanent Activity Centre and Integrated Youth Training Camp,"No. 123 Fam Kam Road, Pat Heung, Yuen Long",205,34,36,53
14/06/2020,9:00,Chun Yeung Estate,"Wong Chuk Yeung Street, Fo Tan",1739,473,1013,1045
14/06/2020,9:00,Chai Wan Lei Yue Mun Park and Holiday Village,"75 Chai Wan Road, Hong Kong",145,56,81,64
15/06/2020,9:00,JPC Permanent Activity Centre and Integrated Youth Training Camp,"No. 123 Fam Kam Road, Pat Heung, Yuen Long",205,29,31,67
15/06/2020,9:00,Chun Yeung Estate,"Wong Chuk Yeung Street, Fo Tan",1739,481,1025,1034
15/06/2020,9:00,Chai Wan Lei Yue Mun Park and Holiday Village,"75 Chai Wan Road, Hong Kong",145,72,101,47
16/06/2020,9:00,JPC Permanent Activity Centre and Integrated Youth Training Camp,"No. 123 Fam Kam Road, Pat Heung, Yuen Long",205,29,31,81
16/06/2020,9:00,Chun Yeung Estate,"Wong Chuk Yeung Street, Fo Tan",1739,371,768,976
16/06/2020,9:00,Chai Wan Lei Yue Mun Park and Holiday Village,"75 Chai Wan Road, Hong Kong",145,78,105,43
17/06/2020,9:00,JPC Permanent Activity Centre and Integrated Youth Training Camp,"No. 123 Fam Kam Road, Pat Heung, Yuen Long",205,24,25,99
17/06/2020,9:00,Chun Yeung Estate,"Wong Chuk Yeung Street, Fo Tan",1739,390,847,866
17/06/2020,9:00,Chai Wan Lei Yue Mun Park and Holiday Village,"75 Chai Wan Road, Hong Kong",145,67,92,30
18/06/2020,9:00,JPC Permanent Activity Centre and Integrated Youth Training Camp,"No. 123 Fam Kam Road, Pat Heung, Yuen Long",205,19,20,86
18/06/2020,9:00,Chun Yeung Estate,"Wong Chuk Yeung Street, Fo Tan",1739,300,629,855
18/06/2020,9:00,Chai Wan Lei Yue Mun Park and Holiday Village,"75 Chai Wan Road, Hong Kong",145,32,45,23
19/06/2020,9:00,JPC Permanent Activity Centre and Integrated Youth Training Camp,"No. 123 Fam Kam Road, Pat Heung, Yuen Long",205,16,17,108
19/06/2020,9:00,Chun Yeung Estate,"Wong Chuk Yeung Street, Fo Tan",1739,300,639,925
19/06/2020,9:00,Chai Wan Lei Yue Mun Park and Holiday Village,"75 Chai Wan Road, Hong Kong",145,31,43,56
20/06/2020,9:00,JPC Permanent Activity Centre and Integrated Youth Training Camp,"No. 123 Fam Kam Road, Pat Heung, Yuen Long",205,12,13,125
20/06/2020,9:00,Chun Yeung Estate,"Wong Chuk Yeung Street, Fo Tan",1739,295,625,930
20/06/2020,9:00,Chai Wan Lei Yue Mun Park and Holiday Village,"75 Chai Wan Road, Hong Kong",145,33,45,58
21/06/2020,9:00,JPC Permanent Activity Centre and Integrated Youth Training Camp,"No. 123 Fam Kam Road, Pat Heung, Yuen Long",205,5,5,137
21/06/2020,9:00,Chun Yeung Estate,"Wong Chuk Yeung Street, Fo Tan",1739,451,976,903
21/06/2020,9:00,Chai Wan Lei Yue Mun Park and Holiday Village,"75 Chai Wan Road, Hong Kong",145,31,42,76
22/06/2020,9:00,JPC Permanent Activity Centre and Integrated Youth Training Camp,"No. 123 Fam Kam Road, Pat Heung, Yuen Long",205,2,2,145
22/06/2020,9:00,Chun Yeung Estate,"Wong Chuk Yeung Street, Fo Tan",1739,653,1392,852
22/06/2020,9:00,Chai Wan Lei Yue Mun Park and Holiday Village,"75 Chai Wan Road, Hong Kong",145,34,45,87
23/06/2020,9:00,JPC Permanent Activity Centre and Integrated Youth Training Camp,"No. 123 Fam Kam Road, Pat Heung, Yuen Long",205,2,2,145
23/06/2020,9:00,Chun Yeung Estate,"Wong Chuk Yeung Street, Fo Tan",1739,652,1391,847
23/06/2020,9:00,Chai Wan Lei Yue Mun Park and Holiday Village,"75 Chai Wan Road, Hong Kong",145,38,52,80
24/06/2020,9:00,JPC Permanent Activity Centre and Integrated Youth Training Camp,"No. 123 Fam Kam Road, Pat Heung, Yuen Long",205,2,2,156
24/06/2020,9:00,Chun Yeung Estate,"Wong Chuk Yeung Street, Fo Tan",1739,796,1746,662
24/06/2020,9:00,Chai Wan Lei Yue Mun Park and Holiday Village,"75 Chai Wan Road, Hong Kong",145,40,55,81
25/06/2020,9:00,JPC Permanent Activity Centre and Integrated Youth Training Camp,"No. 123 Fam Kam Road, Pat Heung, Yuen Long",205,2,2,156
25/06/2020,9:00,Chun Yeung Estate,"Wong Chuk Yeung Street, Fo Tan",1739,831,1816,638
25/06/2020,9:00,Chai Wan Lei Yue Mun Park and Holiday Village,"75 Chai Wan Road, Hong Kong",145,54,69,65
26/06/2020,9:00,JPC Permanent Activity Centre and Integrated Youth Training Camp,"No. 123 Fam Kam Road, Pat Heung, Yuen Long",205,1,1,169
26/06/2020,9:00,Chun Yeung Estate,"Wong Chuk Yeung Street, Fo Tan",1739,827,1794,664
26/06/2020,9:00,Chai Wan Lei Yue Mun Park and Holiday Village,"75 Chai Wan Road, Hong Kong",145,54,69,67
27/06/2020,9:00,JPC Permanent Activity Centre and Integrated Youth Training Camp,"No. 123 Fam Kam Road, Pat Heung, Yuen Long",205,0,0,162
27/06/2020,9:00,Chun Yeung Estate,"Wong Chuk Yeung Street, Fo Tan",1739,824,1791,665
27/06/2020,9:00,Chai Wan Lei Yue Mun Park and Holiday Village,"75 Chai Wan Road, Hong Kong",379,150,241,194
28/06/2020,9:00,JPC Permanent Activity Centre and Integrated Youth Training Camp,"No. 123 Fam Kam Road, Pat Heung, Yuen Long",205,0,0,160
28/06/2020,9:00,Chun Yeung Estate,"Wong Chuk Yeung Street, Fo Tan",1739,891,1939,577
28/06/2020,9:00,Chai Wan Lei Yue Mun Park and Holiday Village,"75 Chai Wan Road, Hong Kong",379,145,234,177
29/06/2020,9:00,JPC Permanent Activity Centre and Integrated Youth Training Camp,"No. 123 Fam Kam Road, Pat Heung, Yuen Long",205,0,0,160
29/06/2020,9:00,Chun Yeung Estate,"Wong Chuk Yeung Street, Fo Tan",1739,827,1819,613
29/06/2020,9:00,Chai Wan Lei Yue Mun Park and Holiday Village,"75 Chai Wan Road, Hong Kong",379,137,225,186
30/06/2020,9:00,JPC Permanent Activity Centre and Integrated Youth Training Camp,"No. 123 Fam Kam Road, Pat Heung, Yuen Long",205,0,0,170
30/06/2020,9:00,Chun Yeung Estate,"Wong Chuk Yeung Street, Fo Tan",1739,711,1561,632
30/06/2020,9:00,Chai Wan Lei Yue Mun Park and Holiday Village,"75 Chai Wan Road, Hong Kong",379,135,220,193
01/07/2020,9:00,JPC Permanent Activity Centre and Integrated Youth Training Camp,"No. 123 Fam Kam Road, Pat Heung, Yuen Long",205,0,0,172
01/07/2020,9:00,Chun Yeung Estate,"Wong Chuk Yeung Street, Fo Tan",1739,845,1879,537
01/07/2020,9:00,Chai Wan Lei Yue Mun Park and Holiday Village,"75 Chai Wan Road, Hong Kong",379,135,216,192
02/07/2020,9:00,JPC Permanent Activity Centre and Integrated Youth Training Camp,"No. 123 Fam Kam Road, Pat Heung, Yuen Long",205,0,0,186
02/07/2020,9:00,Chun Yeung Estate,"Wong Chuk Yeung Street, Fo Tan",1739,853,1906,526
02/07/2020,9:00,Chai Wan Lei Yue Mun Park and Holiday Village,"75 Chai Wan Road, Hong Kong",379,139,220,191
03/07/2020,9:00,JPC Permanent Activity Centre and Integrated Youth Training Camp,"No. 123 Fam Kam Road, Pat Heung, Yuen Long",205,0,0,186
03/07/2020,9:00,Chun Yeung Estate,"Wong Chuk Yeung Street, Fo Tan",1739,829,1845,516
03/07/2020,9:00,Chai Wan Lei Yue Mun Park and Holiday Village,"75 Chai Wan Road, Hong Kong",379,138,219,193
04/07/2020,9:00,JPC Permanent Activity Centre and Integrated Youth Training Camp,"No. 123 Fam Kam Road, Pat Heung, Yuen Long",205,0,0,186
04/07/2020,9:00,Chun Yeung Estate,"Wong Chuk Yeung Street, Fo Tan",1739,723,1616,603
04/07/2020,9:00,Chai Wan Lei Yue Mun Park and Holiday Village,"75 Chai Wan Road, Hong Kong",379,136,217,206
05/07/2020,9:00,JPC Permanent Activity Centre and Integrated Youth Training Camp,"No. 123 Fam Kam Road, Pat Heung, Yuen Long",205,150,229,31
05/07/2020,9:00,Chun Yeung Estate,"Wong Chuk Yeung Street, Fo Tan",1739,538,1215,690
05/07/2020,9:00,Chai Wan Lei Yue Mun Park and Holiday Village,"75 Chai Wan Road, Hong Kong",379,154,270,164
06/07/2020,9:00,JPC Permanent Activity Centre and Integrated Youth Training Camp,"No. 123 Fam Kam Road, Pat Heung, Yuen Long",205,136,224,31
06/07/2020,9:00,Chun Yeung Estate,"Wong Chuk Yeung Street, Fo Tan",1739,740,1646,489
06/07/2020,9:00,Chai Wan Lei Yue Mun Park and Holiday Village,"75 Chai Wan Road, Hong Kong",379,154,274,182
07/07/2020,9:00,JPC Permanent Activity Centre and Integrated Youth Training Camp,"No. 123 Fam Kam Road, Pat Heung, Yuen Long",205,135,221,28
07/07/2020,9:00,Chun Yeung Estate,"Wong Chuk Yeung Street, Fo Tan",1739,587,1283,470
07/07/2020,9:00,Chai Wan Lei Yue Mun Park and Holiday Village,"75 Chai Wan Road, Hong Kong",379,166,290,171
08/07/2020,9:00,JPC Permanent Activity Centre and Integrated Youth Training Camp,"No. 123 Fam Kam Road, Pat Heung, Yuen Long",205,159,246,7
08/07/2020,9:00,Chun Yeung Estate,"Wong Chuk Yeung Street, Fo Tan",1739,608,1368,427
08/07/2020,9:00,Chai Wan Lei Yue Mun Park and Holiday Village,"75 Chai Wan Road, Hong Kong",379,186,313,149
09/07/2020,9:00,JPC Permanent Activity Centre and Integrated Youth Training Camp,"No. 123 Fam Kam Road, Pat Heung, Yuen Long",205,158,247,9
09/07/2020,9:00,Chun Yeung Estate,"Wong Chuk Yeung Street, Fo Tan",1739,633,1399,398
09/07/2020,9:00,Chai Wan Lei Yue Mun Park and Holiday Village,"75 Chai Wan Road, Hong Kong",379,250,394,81
10/07/2020,9:00,JPC Permanent Activity Centre and Integrated Youth Training Camp,"No. 123 Fam Kam Road, Pat Heung, Yuen Long",205,158,247,9
10/07/2020,9:00,Chun Yeung Estate,"Wong Chuk Yeung Street, Fo Tan",1739,649,1428,374
10/07/2020,9:00,Chai Wan Lei Yue Mun Park and Holiday Village,"75 Chai Wan Road, Hong Kong",379,290,447,19
10/07/2020,9:00,Sai Kung Outdoor Recreation Centre,"Tui Min Hoi Area, Sai Kung",99,0,0,99
11/07/2020,9:00,JPC Permanent Activity Centre and Integrated Youth Training Camp,"No. 123 Fam Kam Road, Pat Heung, Yuen Long",205,161,251,2
11/07/2020,9:00,Chun Yeung Estate,"Wong Chuk Yeung Street, Fo Tan",1739,626,1345,538
11/07/2020,9:00,Chai Wan Lei Yue Mun Park and Holiday Village,"75 Chai Wan Road, Hong Kong",379,214,306,8
11/07/2020,9:00,Sai Kung Outdoor Recreation Centre,"Tui Min Hoi Area, Sai Kung",99,49,65,49
11/07/2020,14:00,JPC Permanent Activity Centre and Integrated Youth Training Camp,"No. 123 Fam Kam Road, Pat Heung, Yuen Long",205,161,251,2
11/07/2020,14:00,Chun Yeung Estate,"Wong Chuk Yeung Street, Fo Tan",1739,809,1744,410
11/07/2020,14:00,Chai Wan Lei Yue Mun Park and Holiday Village,"75 Chai Wan Road, Hong Kong",379,214,306,8
11/07/2020,14:00,Sai Kung Outdoor Recreation Centre,"Tui Min Hoi Area, Sai Kung",99,92,121,0
12/07/2020,9:00,JPC Permanent Activity Centre and Integrated Youth Training Camp,"No. 123 Fam Kam Road, Pat Heung, Yuen Long",205,165,258,4
12/07/2020,9:00,"Chun Yeung Estate (Block 1, 2 and 3)","Wong Chuk Yeung Street, Fo Tan",1569,878,1933,375
12/07/2020,9:00,Chai Wan Lei Yue Mun Park and Holiday Village,"75 Chai Wan Road, Hong Kong",379,207,287,20
12/07/2020,9:00,Sai Kung Outdoor Recreation Centre,"Tui Min Hoi Area, Sai Kung",99,90,118,0
13/07/2020,9:00,JPC Permanent Activity Centre and Integrated Youth Training Camp,"No. 123 Fam Kam Road, Pat Heung, Yuen Long",205,169,263,6
13/07/2020,9:00,"Chun Yeung Estate (Block 1, 2 and 3)","Wong Chuk Yeung Street, Fo Tan",1569,1015,2209,290
13/07/2020,9:00,Chai Wan Lei Yue Mun Park and Holiday Village,"75 Chai Wan Road, Hong Kong",379,241,295,18
13/07/2020,9:00,Sai Kung Outdoor Recreation Centre,"Tui Min Hoi Area, Sai Kung",99,90,117,0
14/07/2020,9:00,JPC Permanent Activity Centre and Integrated Youth Training Camp,"No. 123 Fam Kam Road, Pat Heung, Yuen Long",205,173,269,8
14/07/2020,9:00,"Chun Yeung Estate (Block 1, 2 and 3)","Wong Chuk Yeung Street, Fo Tan",1569,982,2004,193
14/07/2020,9:00,Chai Wan Lei Yue Mun Park and Holiday Village,"75 Chai Wan Road, Hong Kong",379,240,328,41
14/07/2020,9:00,Sai Kung Outdoor Recreation Centre,"Tui Min Hoi Area, Sai Kung",99,90,116,0
15/07/2020,9:00,JPC Permanent Activity Centre and Integrated Youth Training Camp,"No. 123 Fam Kam Road, Pat Heung, Yuen Long",205,171,266,9
15/07/2020,9:00,"Chun Yeung Estate (Block 1, 2 and 3)","Wong Chuk Yeung Street, Fo Tan",1567,1003,1954,216
15/07/2020,9:00,Chai Wan Lei Yue Mun Park and Holiday Village,"75 Chai Wan Road, Hong Kong",379,247,345,42
15/07/2020,9:00,Sai Kung Outdoor Recreation Centre,"Tui Min Hoi Area, Sai Kung",99,89,115,0
16/07/2020,9:00,JPC Permanent Activity Centre and Integrated Youth Training Camp,"No. 123 Fam Kam Road, Pat Heung, Yuen Long",205,167,264,8
16/07/2020,9:00,"Chun Yeung Estate (Block 1, 2 and 3)","Wong Chuk Yeung Street, Fo Tan",1567,1088,2046,89
16/07/2020,9:00,Chai Wan Lei Yue Mun Park and Holiday Village,"75 Chai Wan Road, Hong Kong",379,261,375,52
16/07/2020,9:00,Sai Kung Outdoor Recreation Centre,"Tui Min Hoi Area, Sai Kung",99,89,115,4
17/07/2020,9:00,JPC Permanent Activity Centre and Integrated Youth Training Camp,"No. 123 Fam Kam Road, Pat Heung, Yuen Long",205,141,198,5
17/07/2020,9:00,"Chun Yeung Estate (Block 1, 2 and 3)","Wong Chuk Yeung Street, Fo Tan",1567,1165,2145,104
17/07/2020,9:00,Chai Wan Lei Yue Mun Park and Holiday Village,"75 Chai Wan Road, Hong Kong",379,279,400,0
17/07/2020,9:00,Sai Kung Outdoor Recreation Centre,"Tui Min Hoi Area, Sai Kung",99,88,115,5
18/07/2020,9:00,JPC Permanent Activity Centre and Integrated Youth Training Camp,"No. 123 Fam Kam Road, Pat Heung, Yuen Long",205,67,86,24
18/07/2020,9:00,"Chun Yeung Estate (Block 1, 2 and 3)","Wong Chuk Yeung Street, Fo Tan",1567,1249,2266,103
18/07/2020,9:00,Chai Wan Lei Yue Mun Park and Holiday Village,"75 Chai Wan Road, Hong Kong",379,247,334,0
18/07/2020,9:00,Sai Kung Outdoor Recreation Centre,"Tui Min Hoi Area, Sai Kung",99,87,114,4
18/07/2020,9:00,Penny's Bay Quarantine Centre Phase I,"Fantasy Road,Penny's Bay, Lantau Island",100,0,0,100
19/07/2020,9:00,JPC Permanent Activity Centre and Integrated Youth Training Camp,"No. 123 Fam Kam Road, Pat Heung, Yuen Long",205,36,45,69
19/07/2020,9:00,"Chun Yeung Estate (Block 1, 2 and 3)","Wong Chuk Yeung Street, Fo Tan",1554,1084,1884,58
19/07/2020,9:00,Chai Wan Lei Yue Mun Park and Holiday Village,"75 Chai Wan Road, Hong Kong",379,217,291,0
19/07/2020,9:00,Sai Kung Outdoor Recreation Centre,"Tui Min Hoi Area, Sai Kung",99,84,111,4
19/07/2020,9:00,Penny's Bay Quarantine Centre Phase I,"Fantasy Road,Penny's Bay, Lantau Island",100,29,38,65
20/07/2020,9:00,JPC Permanent Activity Centre and Integrated Youth Training Camp,"No. 123 Fam Kam Road, Pat Heung, Yuen Long",205,42,57,84
20/07/2020,9:00,"Chun Yeung Estate (Block 1, 2 and 3)","Wong Chuk Yeung Street, Fo Tan",1554,1119,1940,95
20/07/2020,9:00,Chai Wan Lei Yue Mun Park and Holiday Village,"75 Chai Wan Road, Hong Kong",379,169,231,0
20/07/2020,9:00,Sai Kung Outdoor Recreation Centre,"Tui Min Hoi Area, Sai Kung",99,77,102,15
20/07/2020,9:00,Penny's Bay Quarantine Centre Phase I,"Fantasy Road,Penny's Bay, Lantau Island",100,29,38,64
21/07/2020,9:00,JPC Permanent Activity Centre and Integrated Youth Training Camp,"No. 123 Fam Kam Road, Pat Heung, Yuen Long",205,84,109,57
21/07/2020,9:00,"Chun Yeung Estate (Block 1, 2 and 3)","Wong Chuk Yeung Street, Fo Tan",1575,1093,1814,107
21/07/2020,9:00,Chai Wan Lei Yue Mun Park and Holiday Village,"75 Chai Wan Road, Hong Kong",145,78,113,0
21/07/2020,9:00,Sai Kung Outdoor Recreation Centre,"Tui Min Hoi Area, Sai Kung",99,66,89,16
21/07/2020,9:00,Penny's Bay Quarantine Centre Phase I,"Fantasy Road,Penny's Bay, Lantau Island",100,46,58,45
22/07/2020,9:00,JPC Permanent Activity Centre and Integrated Youth Training Camp,"No. 123 Fam Kam Road, Pat Heung, Yuen Long",205,87,133,53
22/07/2020,9:00,"Chun Yeung Estate (Block 1, 2 and 3)","Wong Chuk Yeung Street, Fo Tan",1573,1101,1808,174
22/07/2020,9:00,Sai Kung Outdoor Recreation Centre,"Tui Min Hoi Area, Sai Kung",99,64,88,23
22/07/2020,9:00,Penny's Bay Quarantine Centre Phase I,"Fantasy Road,Penny's Bay, Lantau Island",800,55,73,104
23/07/2020,9:00,JPC Permanent Activity Centre and Integrated Youth Training Camp,"No. 123 Fam Kam Road, Pat Heung, Yuen Long",205,92,141,66
23/07/2020,9:00,"Chun Yeung Estate (Block 1, 2 and 3)","Wong Chuk Yeung Street, Fo Tan",1573,1111,1830,216
23/07/2020,9:00,Sai Kung Outdoor Recreation Centre,"Tui Min Hoi Area, Sai Kung",99,67,96,19
23/07/2020,9:00,Penny's Bay Quarantine Centre Phase I,"Fantasy Road,Penny's Bay, Lantau Island",800,80,110,159
24/07/2020,9:00,JPC Permanent Activity Centre and Integrated Youth Training Camp,"No. 123 Fam Kam Road, Pat Heung, Yuen Long",205,140,171,16
24/07/2020,9:00,"Chun Yeung Estate (Block 1, 2 and 3)","Wong Chuk Yeung Street, Fo Tan",1573,954,1515,179
24/07/2020,9:00,Sai Kung Outdoor Recreation Centre,"Tui Min Hoi Area, Sai Kung",99,61,88,15
24/07/2020,9:00,Penny's Bay Quarantine Centre Phase I,"Fantasy Road,Penny's Bay, Lantau Island",800,91,124,147
25/07/2020,9:00,JPC Permanent Activity Centre and Integrated Youth Training Camp,"No. 123 Fam Kam Road, Pat Heung, Yuen Long",205,129,211,17
25/07/2020,9:00,"Chun Yeung Estate (Block 1, 2 and 3)","Wong Chuk Yeung Street, Fo Tan",1573,895,1295,187
25/07/2020,9:00,Sai Kung Outdoor Recreation Centre,"Tui Min Hoi Area, Sai Kung",99,49,64,27
25/07/2020,9:00,Penny's Bay Quarantine Centre Phase I,"Fantasy Road,Penny's Bay, Lantau Island",800,187,251,151
26/07/2020,9:00,JPC Permanent Activity Centre and Integrated Youth Training Camp,"No. 123 Fam Kam Road, Pat Heung, Yuen Long",205,121,198,53
26/07/2020,9:00,"Chun Yeung Estate (Block 1, 2 and 3)","Wong Chuk Yeung Street, Fo Tan",1568,740,1024,202
26/07/2020,9:00,Sai Kung Outdoor Recreation Centre,"Tui Min Hoi Area, Sai Kung",99,62,89,24
26/07/2020,9:00,Penny's Bay Quarantine Centre Phase I,"Fantasy Road,Penny's Bay, Lantau Island",800,269,345,61
27/07/2020,9:00,JPC Permanent Activity Centre and Integrated Youth Training Camp,"No. 123 Fam Kam Road, Pat Heung, Yuen Long",205,113,186,46
27/07/2020,9:00,"Chun Yeung Estate (Block 1, 2 and 3)","Wong Chuk Yeung Street, Fo Tan",1568,671,910,311
27/07/2020,9:00,Sai Kung Outdoor Recreation Centre,"Tui Min Hoi Area, Sai Kung",99,65,90,24
27/07/2020,9:00,Penny's Bay Quarantine Centre Phase I,"Fantasy Road,Penny's Bay, Lantau Island",800,326,416,30
28/07/2020,9:00,JPC Permanent Activity Centre and Integrated Youth Training Camp,"No. 123 Fam Kam Road, Pat Heung, Yuen Long",205,119,197,27
28/07/2020,9:00,"Chun Yeung Estate (Block 1, 2 and 3)","Wong Chuk Yeung Street, Fo Tan",1568,661,908,371
28/07/2020,9:00,Sai Kung Outdoor Recreation Centre,"Tui Min Hoi Area, Sai Kung",99,65,88,27
28/07/2020,9:00,Penny's Bay Quarantine Centre Phase I,"Fantasy Road,Penny's Bay, Lantau Island",800,326,416,133
29/07/2020,9:00,JPC Permanent Activity Centre and Integrated Youth Training Camp,"No. 123 Fam Kam Road, Pat Heung, Yuen Long",205,103,159,21
29/07/2020,9:00,"Chun Yeung Estate (Block 1, 2 and 3)","Wong Chuk Yeung Street, Fo Tan",1568,667,920,373
29/07/2020,9:00,Sai Kung Outdoor Recreation Centre,"Tui Min Hoi Area, Sai Kung",99,70,96,18
29/07/2020,9:00,Penny's Bay Quarantine Centre Phase I,"Fantasy Road,Penny's Bay, Lantau Island",800,386,488,92
30/07/2020,9:00,JPC Permanent Activity Centre and Integrated Youth Training Camp,"No. 123 Fam Kam Road, Pat Heung, Yuen Long",205,104,158,43
30/07/2020,9:00,"Chun Yeung Estate (Block 1, 2 and 3)","Wong Chuk Yeung Street, Fo Tan",1568,619,857,341
30/07/2020,9:00,Sai Kung Outdoor Recreation Centre,"Tui Min Hoi Area, Sai Kung",99,74,104,13
30/07/2020,9:00,Penny's Bay Quarantine Centre Phase I,"Fantasy Road,Penny's Bay, Lantau Island",800,443,556,16
31/07/2020,9:00,JPC Permanent Activity Centre and Integrated Youth Training Camp,"No. 123 Fam Kam Road, Pat Heung, Yuen Long",205,106,148,31
31/07/2020,9:00,"Chun Yeung Estate (Block 1, 2 and 3)","Wong Chuk Yeung Street, Fo Tan",1568,634,886,442
31/07/2020,9:00,Sai Kung Outdoor Recreation Centre,"Tui Min Hoi Area, Sai Kung",99,76,110,9
31/07/2020,9:00,Penny's Bay Quarantine Centre Phase I,"Fantasy Road,Penny's Bay, Lantau Island",800,426,547,114
01/08/2020,9:00,JPC Permanent Activity Centre and Integrated Youth Training Camp,"No. 123 Fam Kam Road, Pat Heung, Yuen Long",205,95,124,24
01/08/2020,9:00,"Chun Yeung Estate (Block 1, 2 and 3)","Wong Chuk Yeung Street, Fo Tan",1568,666,944,394
01/08/2020,9:00,Sai Kung Outdoor Recreation Centre,"Tui Min Hoi Area, Sai Kung",99,74,107,14
01/08/2020,9:00,Penny's Bay Quarantine Centre Phase I,"Fantasy Road,Penny's Bay, Lantau Island",800,437,564,83
02/08/2020,9:00,JPC Permanent Activity Centre and Integrated Youth Training Camp,"No. 123 Fam Kam Road, Pat Heung, Yuen Long",205,103,136,18
02/08/2020,9:00,"Chun Yeung Estate (Block 1, 2 and 3)","Wong Chuk Yeung Street, Fo Tan",1568,662,953,349
02/08/2020,9:00,Sai Kung Outdoor Recreation Centre,"Tui Min Hoi Area, Sai Kung",99,74,112,16
02/08/2020,9:00,Penny's Bay Quarantine Centre Phase I,"Fantasy Road,Penny's Bay, Lantau Island",800,422,540,43
03/08/2020,9:00,JPC Permanent Activity Centre and Integrated Youth Training Camp,"No. 123 Fam Kam Road, Pat Heung, Yuen Long",205,106,144,12
03/08/2020,9:00,"Chun Yeung Estate (Block 1, 2 and 3)","Wong Chuk Yeung Street, Fo Tan",1568,647,931,444
03/08/2020,9:00,Sai Kung Outdoor Recreation Centre,"Tui Min Hoi Area, Sai Kung",99,73,108,13
03/08/2020,9:00,Penny's Bay Quarantine Centre Phase I,"Fantasy Road,Penny's Bay, Lantau Island",800,409,513,5
05/08/2020,9:00,JPC Permanent Activity Centre and Integrated Youth Training Camp,"No. 123 Fam Kam Road, Pat Heung, Yuen Long",205,99,151,32
05/08/2020,9:00,"Chun Yeung Estate (Block 1, 2 and 3)","Wong Chuk Yeung Street, Fo Tan",1571,733,1045,325
05/08/2020,9:00,Sai Kung Outdoor Recreation Centre,"Tui Min Hoi Area, Sai Kung",99,67,99,14
05/08/2020,9:00,Penny's Bay Quarantine Centre Phase I,"Fantasy Road,Penny's Bay, Lantau Island",800,399,518,67
06/08/2020,9:00,JPC Permanent Activity Centre and Integrated Youth Training Camp,"No. 123 Fam Kam Road, Pat Heung, Yuen Long",205,86,139,51
06/08/2020,9:00,"Chun Yeung Estate (Block 1, 2 and 3)","Wong Chuk Yeung Street, Fo Tan",1571,800,1141,218
06/08/2020,9:00,Sai Kung Outdoor Recreation Centre,"Tui Min Hoi Area, Sai Kung",99,63,93,24
06/08/2020,9:00,Penny's Bay Quarantine Centre Phase I,"Fantasy Road,Penny's Bay, Lantau Island",800,378,494,138
08/08/2020,9:00,JPC Permanent Activity Centre and Integrated Youth Training Camp,"No. 123 Fam Kam Road, Pat Heung, Yuen Long",205,102,156,32
08/08/2020,9:00,"Chun Yeung Estate (Block 1, 2 and 3)","Wong Chuk Yeung Street, Fo Tan",1573,827,1185,146
08/08/2020,9:00,Sai Kung Outdoor Recreation Centre,"Tui Min Hoi Area, Sai Kung",99,64,92,13
08/08/2020,9:00,Penny's Bay Quarantine Centre Phase I,"Fantasy Road,Penny's Bay, Lantau Island",800,329,425,135
09/08/2020,9:00,JPC Permanent Activity Centre and Integrated Youth Training Camp,"No. 123 Fam Kam Road, Pat Heung, Yuen Long",205,110,164,49
09/08/2020,9:00,"Chun Yeung Estate (Block 1, 2 and 3)","Wong Chuk Yeung Street, Fo Tan",1573,776,1122,378
09/08/2020,9:00,Sai Kung Outdoor Recreation Centre,"Tui Min Hoi Area, Sai Kung",99,62,87,18
09/08/2020,9:00,Penny's Bay Quarantine Centre Phase I,"Fantasy Road,Penny's Bay, Lantau Island",800,342,435,186
10/08/2020,9:00,JPC Permanent Activity Centre and Integrated Youth Training Camp,"No. 123 Fam Kam Road, Pat Heung, Yuen Long",205,107,156,42
10/08/2020,9:00,"Chun Yeung Estate (Block 1, 2 and 3)","Wong Chuk Yeung Street, Fo Tan",1578,760,1094,309
10/08/2020,9:00,Sai Kung Outdoor Recreation Centre,"Tui Min Hoi Area, Sai Kung",99,60,83,29
10/08/2020,9:00,Penny's Bay Quarantine Centre Phase I,"Fantasy Road,Penny's Bay, Lantau Island",800,342,435,1866
11/08/2020,9:00,JPC Permanent Activity Centre and Integrated Youth Training Camp,"No. 123 Fam Kam Road, Pat Heung, Yuen Long",205,107,164,61
11/08/2020,9:00,"Chun Yeung Estate (Block 1, 2 and 3)","Wong Chuk Yeung Street, Fo Tan",1578,714,1036,447
11/08/2020,9:00,Sai Kung Outdoor Recreation Centre,"Tui Min Hoi Area, Sai Kung",99,61,84,27
11/08/2020,9:00,Penny's Bay Quarantine Centre Phase I,"Fantasy Road,Penny's Bay, Lantau Island",800,375,482,243
12/08/2020,9:00,JPC Permanent Activity Centre and Integrated Youth Training Camp,"No. 123 Fam Kam Road, Pat Heung, Yuen Long",205,112,178,48
12/08/2020,9:00,"Chun Yeung Estate (Block 1, 2 and 3)","Wong Chuk Yeung Street, Fo Tan",1578,652,957,560
12/08/2020,9:00,Sai Kung Outdoor Recreation Centre,"Tui Min Hoi Area, Sai Kung",99,65,89,24
12/08/2020,9:00,Penny's Bay Quarantine Centre Phase I,"Fantasy Road,Penny's Bay, Lantau Island",800,398,506,182
13/08/2020,9:00,JPC Permanent Activity Centre and Integrated Youth Training Camp,"No. 123 Fam Kam Road, Pat Heung, Yuen Long",205,115,191,42
13/08/2020,9:00,"Chun Yeung Estate (Block 1, 2 and 3)","Wong Chuk Yeung Street, Fo Tan",1578,605,898,573
13/08/2020,9:00,Sai Kung Outdoor Recreation Centre,"Tui Min Hoi Area, Sai Kung",99,67,99,16
13/08/2020,9:00,Penny's Bay Quarantine Centre Phase I,"Fantasy Road,Penny's Bay, Lantau Island",800,380,492,202
14/08/2020,9:00,JPC Permanent Activity Centre and Integrated Youth Training Camp,"No. 123 Fam Kam Road, Pat Heung, Yuen Long",205,118,193,28
14/08/2020,9:00,"Chun Yeung Estate (Block 1, 2 and 3)","Wong Chuk Yeung Street, Fo Tan",1578,631,917,661
14/08/2020,9:00,Sai Kung Outdoor Recreation Centre,"Tui Min Hoi Area, Sai Kung",99,82,113,1
14/08/2020,9:00,Penny's Bay Quarantine Centre Phase I,"Fantasy Road,Penny's Bay, Lantau Island",800,365,473,191
15/08/2020,9:00,JPC Permanent Activity Centre and Integrated Youth Training Camp,"No. 123 Fam Kam Road, Pat Heung, Yuen Long",205,106,171,44
15/08/2020,9:00,"Chun Yeung Estate (Block 1, 2 and 3)","Wong Chuk Yeung Street, Fo Tan",1578,557,822,687
15/08/2020,9:00,Sai Kung Outdoor Recreation Centre,"Tui Min Hoi Area, Sai Kung",99,78,106,10
15/08/2020,9:00,Penny's Bay Quarantine Centre Phase I,"Fantasy Road,Penny's Bay, Lantau Island",800,373,477,146
16/08/2020,9:00,JPC Permanent Activity Centre and Integrated Youth Training Camp,"No. 123 Fam Kam Road, Pat Heung, Yuen Long",205,111,168,25
16/08/2020,9:00,"Chun Yeung Estate (Block 1, 2 and 3)","Wong Chuk Yeung Street, Fo Tan",1578,479,704,714
16/08/2020,9:00,Sai Kung Outdoor Recreation Centre,"Tui Min Hoi Area, Sai Kung",99,68,94,15
16/08/2020,9:00,Penny's Bay Quarantine Centre Phase I,"Fantasy Road,Penny's Bay, Lantau Island",800,362,469,160
17/08/2020,9:00,JPC Permanent Activity Centre and Integrated Youth Training Camp,"No. 123 Fam Kam Road, Pat Heung, Yuen Long",205,108,164,18
17/08/2020,9:00,"Chun Yeung Estate (Block 1, 2 and 3)","Wong Chuk Yeung Street, Fo Tan",1578,453,662,814
17/08/2020,9:00,Sai Kung Outdoor Recreation Centre,"Tui Min Hoi Area, Sai Kung",99,72,97,15
17/08/2020,9:00,Penny's Bay Quarantine Centre Phase I,"Fantasy Road,Penny's Bay, Lantau Island",800,445,556,95
18/08/2020,9:00,JPC Permanent Activity Centre and Integrated Youth Training Camp,"No. 123 Fam Kam Road, Pat Heung, Yuen Long",205,103,147,32
18/08/2020,9:00,"Chun Yeung Estate (Block 1, 2 and 3)","Wong Chuk Yeung Street, Fo Tan",1578,435,634,782
18/08/2020,9:00,Sai Kung Outdoor Recreation Centre,"Tui Min Hoi Area, Sai Kung",99,68,91,22
18/08/2020,9:00,Penny's Bay Quarantine Centre Phase I,"Fantasy Road,Penny's Bay, Lantau Island",800,442,561,136
19/08/2020,9:00,JPC Permanent Activity Centre and Integrated Youth Training Camp,"No. 123 Fam Kam Road, Pat Heung, Yuen Long",205,90,133,48
19/08/2020,9:00,"Chun Yeung Estate (Block 1, 2 and 3)","Wong Chuk Yeung Street, Fo Tan",1703,393,564,794
19/08/2020,9:00,Sai Kung Outdoor Recreation Centre,"Tui Min Hoi Area, Sai Kung",99,67,90,25
19/08/2020,9:00,Penny's Bay Quarantine Centre Phase I,"Fantasy Road,Penny's Bay, Lantau Island",800,446,561,89
20/08/2020,9:00,JPC Permanent Activity Centre and Integrated Youth Training Camp,"No. 123 Fam Kam Road, Pat Heung, Yuen Long",205,77,117,77
20/08/2020,9:00,"Chun Yeung Estate (Block 1, 2 and 3)","Wong Chuk Yeung Street, Fo Tan",1704,372,524,853
20/08/2020,9:00,Sai Kung Outdoor Recreation Centre,"Tui Min Hoi Area, Sai Kung",99,62,82,27
20/08/2020,9:00,Penny's Bay Quarantine Centre Phase I,"Fantasy Road,Penny's Bay, Lantau Island",800,432,543,141
21/08/2020,9:00,JPC Permanent Activity Centre and Integrated Youth Training Camp,"No. 123 Fam Kam Road, Pat Heung, Yuen Long",205,78,122,71
21/08/2020,9:00,"Chun Yeung Estate (Block 1, 2 and 3)","Wong Chuk Yeung Street, Fo Tan",1704,342,485,947
21/08/2020,9:00,Sai Kung Outdoor Recreation Centre,"Tui Min Hoi Area, Sai Kung",99,53,67,30
21/08/2020,9:00,Penny's Bay Quarantine Centre Phase I,"Fantasy Road,Penny's Bay, Lantau Island",800,405,515,154
22/08/2020,9:00,JPC Permanent Activity Centre and Integrated Youth Training Camp,"No. 123 Fam Kam Road, Pat Heung, Yuen Long",205,67,113,101
22/08/2020,9:00,"Chun Yeung Estate (Block 1, 2 and 3)","Wong Chuk Yeung Street, Fo Tan",1726,278,406,922
22/08/2020,9:00,Sai Kung Outdoor Recreation Centre,"Tui Min Hoi Area, Sai Kung",99,47,59,41
22/08/2020,9:00,Penny's Bay Quarantine Centre Phase I,"Fantasy Road,Penny's Bay, Lantau Island",800,378,477,171
23/08/2020,9:00,JPC Permanent Activity Centre and Integrated Youth Training Camp,"No. 123 Fam Kam Road, Pat Heung, Yuen Long",205,64,112,94
23/08/2020,9:00,"Chun Yeung Estate (Block 1, 2 and 3)","Wong Chuk Yeung Street, Fo Tan",1731,242,357,953
23/08/2020,9:00,Sai Kung Outdoor Recreation Centre,"Tui Min Hoi Area, Sai Kung",99,44,57,43
23/08/2020,9:00,Penny's Bay Quarantine Centre Phase I,"Fantasy Road,Penny's Bay, Lantau Island",800,360,456,182
24/08/2020,9:00,JPC Permanent Activity Centre and Integrated Youth Training Camp,"No. 123 Fam Kam Road, Pat Heung, Yuen Long",205,59,93,89
24/08/2020,9:00,"Chun Yeung Estate (Block 1, 2 and 3)","Wong Chuk Yeung Street, Fo Tan",1731,215,309,948
24/08/2020,9:00,Sai Kung Outdoor Recreation Centre,"Tui Min Hoi Area, Sai Kung",99,30,38,50
24/08/2020,9:00,Penny's Bay Quarantine Centre Phase I,"Fantasy Road,Penny's Bay, Lantau Island",800,351,441,234
25/08/2020,9:00,JPC Permanent Activity Centre and Integrated Youth Training Camp,"No. 123 Fam Kam Road, Pat Heung, Yuen Long",205,55,88,85
25/08/2020,9:00,"Chun Yeung Estate (Block 1, 2 and 3)","Wong Chuk Yeung Street, Fo Tan",1731,186,270,1044
25/08/2020,9:00,Sai Kung Outdoor Recreation Centre,"Tui Min Hoi Area, Sai Kung",99,28,38,49
25/08/2020,9:00,Penny's Bay Quarantine Centre Phase I,"Fantasy Road,Penny's Bay, Lantau Island",800,330,411,227
26/08/2020,9:00,JPC Permanent Activity Centre and Integrated Youth Training Camp,"No. 123 Fam Kam Road, Pat Heung, Yuen Long",205,57,90,106
26/08/2020,9:00,"Chun Yeung Estate (Block 1, 2 and 3)","Wong Chuk Yeung Street, Fo Tan",1712,178,252,1138
26/08/2020,9:00,Sai Kung Outdoor Recreation Centre,"Tui Min Hoi Area, Sai Kung",99,36,47,48
26/08/2020,9:00,Penny's Bay Quarantine Centre Phase I,"Fantasy Road,Penny's Bay, Lantau Island",800,331,413,193
27/08/2020,9:00,JPC Permanent Activity Centre and Integrated Youth Training Camp,"No. 123 Fam Kam Road, Pat Heung, Yuen Long",205,56,87,114
27/08/2020,9:00,"Chun Yeung Estate (Block 1, 2 and 3)","Wong Chuk Yeung Street, Fo Tan",1712,163,223,1255
27/08/2020,9:00,Sai Kung Outdoor Recreation Centre,"Tui Min Hoi Area, Sai Kung",99,43,56,44
27/08/2020,9:00,Penny's Bay Quarantine Centre Phase I,"Fantasy Road,Penny's Bay, Lantau Island",800,326,398,285
28/08/2020,9:00,JPC Permanent Activity Centre and Integrated Youth Training Camp,"No. 123 Fam Kam Road, Pat Heung, Yuen Long",205,62,88,108
28/08/2020,9:00,"Chun Yeung Estate (Block 1, 2 and 3)","Wong Chuk Yeung Street, Fo Tan",1712,152,204,1327
28/08/2020,9:00,Sai Kung Outdoor Recreation Centre,"Tui Min Hoi Area, Sai Kung",99,46,59,43
28/08/2020,9:00,Penny's Bay Quarantine Centre Phase I,"Fantasy Road,Penny's Bay, Lantau Island",800,321,382,277
29/08/2020,9:00,JPC Permanent Activity Centre and Integrated Youth Training Camp,"No. 123 Fam Kam Road, Pat Heung, Yuen Long",205,58,81,121
29/08/2020,9:00,"Chun Yeung Estate (Block 1, 2 and 3)","Wong Chuk Yeung Street, Fo Tan",1707,151,201,1312
29/08/2020,9:00,Sai Kung Outdoor Recreation Centre,"Tui Min Hoi Area, Sai Kung",99,45,55,39
29/08/2020,9:00,Penny's Bay Quarantine Centre Phase I,"Fantasy Road,Penny's Bay, Lantau Island",800,304,355,288
30/08/2020,9:00,JPC Permanent Activity Centre and Integrated Youth Training Camp,"No. 123 Fam Kam Road, Pat Heung, Yuen Long",205,57,79,115
30/08/2020,9:00,"Chun Yeung Estate (Block 1, 2 and 3)","Wong Chuk Yeung Street, Fo Tan",1707,149,188,1362
30/08/2020,9:00,Sai Kung Outdoor Recreation Centre,"Tui Min Hoi Area, Sai Kung",99,46,57,40
30/08/2020,9:00,Penny's Bay Quarantine Centre Phase I,"Fantasy Road,Penny's Bay, Lantau Island",800,297,339,308
31/08/2020,9:00,JPC Permanent Activity Centre and Integrated Youth Training Camp,"No. 123 Fam Kam Road, Pat Heung, Yuen Long",205,55,74,109
31/08/2020,9:00,"Chun Yeung Estate (Block 1, 2 and 3)","Wong Chuk Yeung Street, Fo Tan",1707,131,165,1357
31/08/2020,9:00,Sai Kung Outdoor Recreation Centre,"Tui Min Hoi Area, Sai Kung",99,50,61,39
31/08/2020,9:00,Penny's Bay Quarantine Centre Phase I,"Fantasy Road,Penny's Bay, Lantau Island",800,222,254,337
01/09/2020,9:00,JPC Permanent Activity Centre and Integrated Youth Training Camp,"No. 123 Fam Kam Road, Pat Heung, Yuen Long",205,58,77,96
01/09/2020,9:00,"Chun Yeung Estate (Block 1, 2 and 3)","Wong Chuk Yeung Street, Fo Tan",1707,122,151,1352
01/09/2020,9:00,Sai Kung Outdoor Recreation Centre,"Tui Min Hoi Area, Sai Kung",99,59,72,27
01/09/2020,9:00,Penny's Bay Quarantine Centre Phase I,"Fantasy Road,Penny's Bay, Lantau Island",800,226,251,360
02/09/2020,9:00,JPC Permanent Activity Centre and Integrated Youth Training Camp,"No. 123 Fam Kam Road, Pat Heung, Yuen Long",205,55,72,92
02/09/2020,9:00,"Chun Yeung Estate (Block 1, 2 and 3)","Wong Chuk Yeung Street, Fo Tan",1697,102,125,1352
02/09/2020,9:00,Sai Kung Outdoor Recreation Centre,"Tui Min Hoi Area, Sai Kung",99,57,65,26
02/09/2020,9:00,Penny's Bay Quarantine Centre Phase I,"Fantasy Road,Penny's Bay, Lantau Island",800,216,238,389
03/09/2020,9:00,JPC Permanent Activity Centre and Integrated Youth Training Camp,"No. 123 Fam Kam Road, Pat Heung, Yuen Long",205,61,82,117
03/09/2020,9:00,"Chun Yeung Estate (Block 1, 2 and 3)","Wong Chuk Yeung Street, Fo Tan",1697,86,108,1368
03/09/2020,9:00,Sai Kung Outdoor Recreation Centre,"Tui Min Hoi Area, Sai Kung",99,60,69,25
03/09/2020,9:00,Penny's Bay Quarantine Centre Phase I,"Fantasy Road,Penny's Bay, Lantau Island",800,198,217,418
04/09/2020,9:00,JPC Permanent Activity Centre and Integrated Youth Training Camp,"No. 123 Fam Kam Road, Pat Heung, Yuen Long",205,58,76,108
04/09/2020,9:00,"Chun Yeung Estate (Block 1, 2 and 3)","Wong Chuk Yeung Street, Fo Tan",1696,80,100,1395
04/09/2020,9:00,Sai Kung Outdoor Recreation Centre,"Tui Min Hoi Area, Sai Kung",99,65,75,22
04/09/2020,9:00,Penny's Bay Quarantine Centre Phase I,"Fantasy Road,Penny's Bay, Lantau Island",800,177,191,484
05/09/2020,9:00,JPC Permanent Activity Centre and Integrated Youth Training Camp,"No. 123 Fam Kam Road, Pat Heung, Yuen Long",205,53,72,104
05/09/2020,9:00,"Chun Yeung Estate (Block 1, 2 and 3)","Wong Chuk Yeung Street, Fo Tan",1696,75,93,1398
05/09/2020,9:00,Sai Kung Outdoor Recreation Centre,"Tui Min Hoi Area, Sai Kung",99,72,84,19
05/09/2020,9:00,Penny's Bay Quarantine Centre Phase I,"Fantasy Road,Penny's Bay, Lantau Island",800,197,212,487
06/09/2020,9:00,JPC Permanent Activity Centre and Integrated Youth Training Camp,"No. 123 Fam Kam Road, Pat Heung, Yuen Long",205,60,83,94
06/09/2020,9:00,"Chun Yeung Estate (Block 1, 2 and 3)","Wong Chuk Yeung Street, Fo Tan",1696,69,90,1396
06/09/2020,9:00,Sai Kung Outdoor Recreation Centre,"Tui Min Hoi Area, Sai Kung",99,75,88,15
06/09/2020,9:00,Penny's Bay Quarantine Centre Phase I,"Fantasy Road,Penny's Bay, Lantau Island",800,217,232,459
07/09/2020,9:00,JPC Permanent Activity Centre and Integrated Youth Training Camp,"No. 123 Fam Kam Road, Pat Heung, Yuen Long",205,52,77,105
07/09/2020,9:00,"Chun Yeung Estate (Block 1, 2 and 3)","Wong Chuk Yeung Street, Fo Tan",1696,77,97,1385
07/09/2020,9:00,Sai Kung Outdoor Recreation Centre,"Tui Min Hoi Area, Sai Kung",99,71,83,16
07/09/2020,9:00,Penny's Bay Quarantine Centre Phase I,"Fantasy Road,Penny's Bay, Lantau Island",800,228,249,452
08/09/2020,9:00,JPC Permanent Activity Centre and Integrated Youth Training Camp,"No. 123 Fam Kam Road, Pat Heung, Yuen Long",205,53,76,130
08/09/2020,9:00,"Chun Yeung Estate (Block 1, 2 and 3)","Wong Chuk Yeung Street, Fo Tan",1696,72,90,1395
08/09/2020,9:00,Sai Kung Outdoor Recreation Centre,"Tui Min Hoi Area, Sai Kung",99,58,65,25
08/09/2020,9:00,Penny's Bay Quarantine Centre Phase I,"Fantasy Road,Penny's Bay, Lantau Island",800,221,241,423
09/09/2020,9:00,JPC Permanent Activity Centre and Integrated Youth Training Camp,"No. 123 Fam Kam Road, Pat Heung, Yuen Long",205,50,76,129
09/09/2020,9:00,"Chun Yeung Estate (Block 1, 2 and 3)","Wong Chuk Yeung Street, Fo Tan",1696,56,72,1401
09/09/2020,9:00,Sai Kung Outdoor Recreation Centre,"Tui Min Hoi Area, Sai Kung",99,62,68,24
09/09/2020,9:00,Penny's Bay Quarantine Centre Phase I,"Fantasy Road,Penny's Bay, Lantau Island",800,214,232,429
10/09/2020,9:00,JPC Permanent Activity Centre and Integrated Youth Training Camp,"No. 123 Fam Kam Road, Pat Heung, Yuen Long",205,47,74,127
10/09/2020,9:00,"Chun Yeung Estate (Block 1, 2 and 3)","Wong Chuk Yeung Street, Fo Tan",1696,49,65,1408
10/09/2020,9:00,Sai Kung Outdoor Recreation Centre,"Tui Min Hoi Area, Sai Kung",99,58,61,32
10/09/2020,9:00,Penny's Bay Quarantine Centre Phase I,"Fantasy Road,Penny's Bay, Lantau Island",800,205,223,437
11/09/2020,9:00,JPC Permanent Activity Centre and Integrated Youth Training Camp,"No. 123 Fam Kam Road, Pat Heung, Yuen Long",205,43,71,124
11/09/2020,9:00,"Chun Yeung Estate (Block 1, 2 and 3)","Wong Chuk Yeung Street, Fo Tan",1696,41,56,1422
11/09/2020,9:00,Sai Kung Outdoor Recreation Centre,"Tui Min Hoi Area, Sai Kung",99,49,51,37
11/09/2020,9:00,Penny's Bay Quarantine Centre Phase I,"Fantasy Road,Penny's Bay, Lantau Island",800,192,208,438
12/09/2020,9:00,JPC Permanent Activity Centre and Integrated Youth Training Camp,"No. 123 Fam Kam Road, Pat Heung, Yuen Long",205,51,77,133
12/09/2020,9:00,"Chun Yeung Estate (Block 1, 2 and 3)","Wong Chuk Yeung Street, Fo Tan",1696,34,42,1429
12/09/2020,9:00,Sai Kung Outdoor Recreation Centre,"Tui Min Hoi Area, Sai Kung",99,53,57,38
12/09/2020,9:00,Penny's Bay Quarantine Centre Phase I,"Fantasy Road,Penny's Bay, Lantau Island",800,187,203,485
13/09/2020,9:00,JPC Permanent Activity Centre and Integrated Youth Training Camp,"No. 123 Fam Kam Road, Pat Heung, Yuen Long",205,53,82,126
13/09/2020,9:00,"Chun Yeung Estate (Block 1, 2 and 3)","Wong Chuk Yeung Street, Fo Tan",1696,31,39,1436
13/09/2020,9:00,Sai Kung Outdoor Recreation Centre,"Tui Min Hoi Area, Sai Kung",99,49,52,37
13/09/2020,9:00,Penny's Bay Quarantine Centre Phase I,"Fantasy Road,Penny's Bay, Lantau Island",800,197,226,471
14/09/2020,9:00,JPC Permanent Activity Centre and Integrated Youth Training Camp,"No. 123 Fam Kam Road, Pat Heung, Yuen Long",198,42,71,126
14/09/2020,9:00,"Chun Yeung Estate (Block 1, 2 and 3)","Wong Chuk Yeung Street, Fo Tan",1533,26,34,1321
14/09/2020,9:00,Sai Kung Outdoor Recreation Centre,"Tui Min Hoi Area, Sai Kung",99,38,42,43
14/09/2020,9:00,Penny's Bay Quarantine Centre Phase I,"Fantasy Road,Penny's Bay, Lantau Island",800,188,213,490
15/09/2020,9:00,JPC Permanent Activity Centre and Integrated Youth Training Camp,"No. 123 Fam Kam Road, Pat Heung, Yuen Long",198,49,81,114
15/09/2020,9:00,"Chun Yeung Estate (Block 1, 2 and 3)","Wong Chuk Yeung Street, Fo Tan",1533,26,34,1436
15/09/2020,9:00,Sai Kung Outdoor Recreation Centre,"Tui Min Hoi Area, Sai Kung",99,38,41,53
15/09/2020,9:00,Penny's Bay Quarantine Centre Phase I,"Fantasy Road,Penny's Bay, Lantau Island",800,186,213,498
16/09/2020,9:00,JPC Permanent Activity Centre and Integrated Youth Training Camp,"No. 123 Fam Kam Road, Pat Heung, Yuen Long",198,48,80,112
16/09/2020,9:00,"Chun Yeung Estate (Block 1, 2 and 3)","Wong Chuk Yeung Street, Fo Tan",1533,23,30,1448
16/09/2020,9:00,Sai Kung Outdoor Recreation Centre,"Tui Min Hoi Area, Sai Kung",99,38,40,54
16/09/2020,9:00,Penny's Bay Quarantine Centre Phase I,"Fantasy Road,Penny's Bay, Lantau Island",800,183,211,508
17/09/2020,9:00,JPC Permanent Activity Centre and Integrated Youth Training Camp,"No. 123 Fam Kam Road, Pat Heung, Yuen Long",198,57,90,108
17/09/2020,9:00,"Chun Yeung Estate (Block 1, 2 and 3)","Wong Chuk Yeung Street, Fo Tan",1533,21,28,1448
17/09/2020,9:00,Sai Kung Outdoor Recreation Centre,"Tui Min Hoi Area, Sai Kung",99,37,39,52
17/09/2020,9:00,Penny's Bay Quarantine Centre Phase I,"Fantasy Road,Penny's Bay, Lantau Island",800,195,222,493
18/09/2020,9:00,JPC Permanent Activity Centre and Integrated Youth Training Camp,"No. 123 Fam Kam Road, Pat Heung, Yuen Long",198,52,83,116
18/09/2020,9:00,"Chun Yeung Estate (Block 1, 2 and 3)","Wong Chuk Yeung Street, Fo Tan",1533,19,26,1453
18/09/2020,9:00,Sai Kung Outdoor Recreation Centre,"Tui Min Hoi Area, Sai Kung",99,35,37,52
18/09/2020,9:00,Penny's Bay Quarantine Centre Phase I,"Fantasy Road,Penny's Bay, Lantau Island",800,214,241,471
20/09/2020,9:00,JPC Permanent Activity Centre and Integrated Youth Training Camp,"No. 123 Fam Kam Road, Pat Heung, Yuen Long",198,56,85,108
20/09/2020,9:00,"Chun Yeung Estate (Block 1, 2 and 3)","Wong Chuk Yeung Street, Fo Tan",1533,5,7,1463
20/09/2020,9:00,Sai Kung Outdoor Recreation Centre,"Tui Min Hoi Area, Sai Kung",99,26,30,60
20/09/2020,9:00,Penny's Bay Quarantine Centre Phase I,"Fantasy Road,Penny's Bay, Lantau Island",800,145,176,445
21/09/2020,9:00,JPC Permanent Activity Centre and Integrated Youth Training Camp,"No. 123 Fam Kam Road, Pat Heung, Yuen Long",198,57,87,104
21/09/2020,9:00,"Chun Yeung Estate (Block 1, 2 and 3)","Wong Chuk Yeung Street, Fo Tan",1533,3,3,1468
21/09/2020,9:00,Sai Kung Outdoor Recreation Centre,"Tui Min Hoi Area, Sai Kung",99,60,65,30
21/09/2020,9:00,Penny's Bay Quarantine Centre Phase I,"Fantasy Road,Penny's Bay, Lantau Island",800,120,145,515
22/09/2020,9:00,JPC Permanent Activity Centre and Integrated Youth Training Camp,"No. 123 Fam Kam Road, Pat Heung, Yuen Long",198,51,78,104
22/09/2020,9:00,"Chun Yeung Estate (Block 1, 2 and 3)","Wong Chuk Yeung Street, Fo Tan",1533,1,1,1472
22/09/2020,9:00,Sai Kung Outdoor Recreation Centre,"Tui Min Hoi Area, Sai Kung",99,54,59,32
22/09/2020,9:00,Penny's Bay Quarantine Centre Phase I,"Fantasy Road,Penny's Bay, Lantau Island",800,114,139,547
23/09/2020,9:00,JPC Permanent Activity Centre and Integrated Youth Training Camp,"No. 123 Fam Kam Road, Pat Heung, Yuen Long",198,53,80,117
23/09/2020,9:00,"Chun Yeung Estate (Block 1, 2 and 3)","Wong Chuk Yeung Street, Fo Tan",1533,1,1,1472
23/09/2020,9:00,Sai Kung Outdoor Recreation Centre,"Tui Min Hoi Area, Sai Kung",99,52,57,36
23/09/2020,9:00,Penny's Bay Quarantine Centre Phase I,"Fantasy Road,Penny's Bay, Lantau Island",800,113,137,555
24/09/2020,9:00,JPC Permanent Activity Centre and Integrated Youth Training Camp,"No. 123 Fam Kam Road, Pat Heung, Yuen Long",198,56,84,121
24/09/2020,9:00,Sai Kung Outdoor Recreation Centre,"Tui Min Hoi Area, Sai Kung",99,50,55,43
24/09/2020,9:00,Penny's Bay Quarantine Centre Phase I,"Fantasy Road,Penny's Bay, Lantau Island",800,118,142,561
25/09/2020,9:00,JPC Permanent Activity Centre and Integrated Youth Training Camp,"No. 123 Fam Kam Road, Pat Heung, Yuen Long",198,51,78,111
25/09/2020,9:00,Sai Kung Outdoor Recreation Centre,"Tui Min Hoi Area, Sai Kung",99,46,50,41
25/09/2020,9:00,Penny's Bay Quarantine Centre Phase I,"Fantasy Road,Penny's Bay, Lantau Island",800,108,132,569
28/09/2020,9:00,JPC Permanent Activity Centre and Integrated Youth Training Camp,"No. 123 Fam Kam Road, Pat Heung, Yuen Long",198,34,54,110
28/09/2020,9:00,Sai Kung Outdoor Recreation Centre,"Tui Min Hoi Area, Sai Kung",99,42,46,48
28/09/2020,9:00,Penny's Bay Quarantine Centre Phase I,"Fantasy Road,Penny's Bay, Lantau Island",800,85,98,577
29/09/2020,9:00,JPC Permanent Activity Centre and Integrated Youth Training Camp,"No. 123 Fam Kam Road, Pat Heung, Yuen Long",198,34,53,127
29/09/2020,9:00,Sai Kung Outdoor Recreation Centre,"Tui Min Hoi Area, Sai Kung",99,41,45,48
29/09/2020,9:00,Penny's Bay Quarantine Centre Phase I,"Fantasy Road,Penny's Bay, Lantau Island",800,83,95,600
